Date,Price,Open,High,Low,Vol.,Change %
02/07/2023,8.30,8.36,8.39,8.23,88.90K,-1.07%
02/08/2023,8.35,8.40,8.54,8.31,129.66K,0.60%
02/09/2023,8.65,8.35,8.72,8.31,224.69K,3.65%
02/10/2023,8.68,8.67,8.80,8.40,196.90K,0.29%
02/13/2023,8.88,8.72,8.92,8.70,192.88K,2.30%
02/14/2023,8.95,8.95,9.15,8.80,303.21K,0.84%
02/15/2023,8.93,9.02,9.13,8.78,275.98K,-0.34%
02/16/2023,8.82,9.00,9.00,8.80,197.59K,-1.12%
02/17/2023,8.73,8.73,8.78,8.65,143.66K,-1.08%
02/20/2023,8.82,8.76,8.88,8.69,89.30K,1.09%
02/21/2023,8.88,8.79,8.96,8.74,169.32K,0.62%
02/22/2023,8.74,8.85,8.88,8.68,108.00K,-1.58%
02/23/2023,8.83,8.80,8.95,8.78,82.18K,1.03%
02/24/2023,8.74,8.80,8.93,8.74,98.04K,-1.02%
02/27/2023,8.91,8.88,8.93,8.80,44.80K,1.95%
02/28/2023,8.91,8.91,9.00,8.86,156.23K,0.06%
03/01/2023,8.96,8.97,9.17,8.96,225.91K,0.50%
03/02/2023,9.04,9.02,9.05,8.79,124.42K,0.89%
03/03/2023,9.06,9.08,9.14,8.94,88.36K,0.22%
03/06/2023,9.03,9.14,9.14,8.97,103.67K,-0.33%
03/07/2023,8.81,9.03,9.03,8.74,81.98K,-2.44%
03/08/2023,8.90,8.75,8.93,8.57,105.33K,1.08%
03/09/2023,8.93,8.90,8.95,8.81,83.56K,0.28%
03/10/2023,8.81,8.77,8.87,8.64,151.04K,-1.40%
03/13/2023,8.42,8.64,8.74,8.26,190.93K,-4.37%
03/14/2023,8.71,8.40,8.77,8.39,128.66K,3.44%
03/15/2023,8.29,8.74,8.74,8.23,110.37K,-4.82%
03/16/2023,8.51,8.45,8.55,8.26,70.74K,2.59%
03/17/2023,8.51,8.59,8.74,8.40,136.17K,0.06%
03/20/2023,8.54,8.45,8.59,8.16,60.04K,0.35%
03/21/2023,8.66,8.50,8.68,8.49,113.18K,1.46%
03/22/2023,8.65,8.68,8.84,8.54,112.74K,-0.23%
03/23/2023,8.76,8.68,8.78,8.52,75.70K,1.33%
03/24/2023,8.53,8.76,8.76,8.47,49.92K,-2.63%
03/27/2023,8.70,8.57,8.84,8.57,89.62K,1.99%
03/28/2023,8.31,8.76,8.76,8.31,119.07K,-4.43%
03/29/2023,8.57,8.38,8.65,8.38,93.45K,3.13%
03/30/2023,8.88,8.60,8.90,8.60,219.60K,3.56%
03/31/2023,8.69,8.80,8.88,8.64,72.20K,-2.14%
04/03/2023,8.55,8.70,8.72,8.55,53.79K,-1.61%
04/04/2023,8.76,8.60,8.85,8.56,171.82K,2.46%
04/05/2023,8.53,8.78,8.78,8.50,93.53K,-2.57%
04/06/2023,8.45,8.66,8.66,8.44,77.15K,-1.00%
04/11/2023,8.40,8.45,8.56,8.40,94.90K,-0.53%
04/12/2023,8.11,8.40,8.40,8.09,129.66K,-3.45%
04/13/2023,8.36,8.16,8.38,8.15,73.46K,3.08%
04/14/2023,8.33,8.39,8.43,8.32,47.78K,-0.42%
04/17/2023,8.36,8.32,8.36,8.24,63.93K,0.42%
04/18/2023,8.43,8.35,8.45,8.33,47.30K,0.78%
04/19/2023,8.20,8.43,8.43,8.20,53.09K,-2.73%
04/20/2023,8.10,8.20,8.26,8.05,114.45K,-1.22%
04/21/2023,8.02,8.08,8.09,7.95,96.97K,-0.93%
04/24/2023,7.74,8.00,8.03,7.74,99.89K,-3.49%
04/25/2023,7.59,7.65,7.74,7.59,129.38K,-2.00%
04/26/2023,7.53,7.65,7.67,7.46,205.92K,-0.72%
04/27/2023,7.40,7.66,7.66,6.64,377.60K,-1.79%
04/28/2023,7.72,7.50,7.78,7.42,173.20K,4.26%
05/02/2023,7.97,7.82,7.99,7.77,109.11K,3.31%
05/03/2023,7.93,7.99,8.10,7.91,156.66K,-0.44%
05/04/2023,7.90,7.93,8.07,7.75,148.47K,-0.44%
05/05/2023,8.18,7.91,8.18,7.91,113.14K,3.54%
05/08/2023,8.04,8.20,8.23,8.00,78.27K,-1.71%
05/09/2023,7.88,8.08,8.08,7.81,79.47K,-2.05%
05/10/2023,8.15,7.88,8.19,7.88,144.74K,3.49%
05/11/2023,8.16,8.19,8.19,8.06,78.33K,0.12%
05/12/2023,8.25,8.11,8.28,8.11,80.50K,1.10%
05/15/2023,8.19,8.25,8.27,8.10,55.37K,-0.67%
05/16/2023,8.24,8.13,8.32,8.13,171.12K,0.61%
05/17/2023,8.20,8.20,8.21,8.15,33.52K,-0.55%
05/18/2023,8.30,8.24,8.31,8.24,112.21K,1.16%
05/19/2023,8.31,8.35,8.43,8.28,71.79K,0.12%
05/22/2023,8.33,8.34,8.37,8.20,41.60K,0.30%
05/23/2023,8.18,8.30,8.41,8.16,56.75K,-1.80%
05/24/2023,7.87,8.14,8.14,7.84,68.63K,-3.79%
05/25/2023,7.89,7.88,8.04,7.88,63.38K,0.19%
05/26/2023,8.02,7.99,8.10,7.87,141.90K,1.78%
05/29/2023,8.03,8.10,8.10,7.95,27.89K,0.06%
05/30/2023,8.08,7.98,8.19,7.97,64.71K,0.62%
05/31/2023,7.93,8.03,8.09,7.90,75.82K,-1.86%
06/01/2023,8.24,7.89,8.26,7.86,92.32K,3.97%
06/02/2023,8.34,8.31,8.40,8.25,51.63K,1.15%
06/05/2023,8.32,8.38,8.47,8.31,66.96K,-0.18%
06/06/2023,8.34,8.30,8.39,8.21,38.81K,0.18%
06/07/2023,8.78,8.35,8.88,8.33,256.33K,5.34%
06/08/2023,9.35,8.71,9.35,8.63,421.00K,6.43%
06/09/2023,9.62,9.35,9.69,9.27,343.90K,2.89%
06/12/2023,9.70,9.65,9.71,9.54,158.83K,0.83%
06/13/2023,9.99,9.85,9.99,9.81,308.26K,2.99%
06/14/2023,9.99,9.96,10.00,9.84,182.42K,0.00%
06/15/2023,9.82,10.00,10.14,9.61,287.29K,-1.70%
06/16/2023,9.94,9.81,10.05,9.80,176.89K,1.22%
06/19/2023,9.67,9.86,9.86,9.56,117.13K,-2.72%
06/20/2023,9.51,9.56,9.64,9.48,98.74K,-1.65%
06/21/2023,9.61,9.53,9.77,9.50,101.14K,1.05%
06/22/2023,9.65,9.43,9.65,9.27,188.48K,0.36%
06/23/2023,9.51,9.57,9.61,9.44,80.54K,-1.45%
06/26/2023,9.40,9.50,9.50,9.32,61.54K,-1.05%
06/27/2023,9.38,9.44,9.44,9.29,82.58K,-0.27%
06/28/2023,9.58,9.45,9.59,9.36,104.17K,2.13%
06/29/2023,9.77,9.53,9.84,9.52,88.15K,2.04%
06/30/2023,9.92,9.74,9.95,9.71,78.95K,1.48%
07/03/2023,9.98,9.93,10.03,9.90,108.55K,0.55%
07/04/2023,9.94,9.99,10.04,9.86,64.17K,-0.35%
07/05/2023,9.79,9.78,9.85,9.62,152.70K,-1.51%
07/06/2023,9.61,9.74,9.87,9.60,86.58K,-1.84%
07/07/2023,9.77,9.64,9.85,9.63,75.69K,1.66%
07/10/2023,9.88,9.73,9.90,9.68,80.08K,1.13%
07/11/2023,9.84,9.90,10.03,9.81,84.55K,-0.40%
07/12/2023,10.10,9.90,10.10,9.90,208.31K,2.64%
07/13/2023,10.21,10.13,10.25,10.02,198.30K,1.09%
07/14/2023,10.26,10.22,10.29,10.15,100.76K,0.49%
07/17/2023,10.20,10.17,10.23,10.07,74.53K,-0.58%
07/18/2023,10.30,10.20,10.35,10.15,106.08K,0.98%
07/19/2023,10.33,10.32,10.48,10.32,107.01K,0.29%
07/20/2023,9.95,10.22,10.32,9.85,165.99K,-3.63%
07/21/2023,9.92,9.86,10.02,9.76,72.69K,-0.35%
07/24/2023,9.88,9.87,10.05,9.85,66.81K,-0.40%
07/25/2023,9.93,9.90,9.98,9.85,96.50K,0.46%
07/26/2023,9.84,9.90,9.94,9.69,92.19K,-0.91%
07/27/2023,10.09,9.92,10.09,9.68,124.86K,2.59%
07/28/2023,10.93,10.25,10.93,10.21,633.07K,8.33%
07/31/2023,11.02,10.99,11.13,10.90,347.23K,0.82%
08/01/2023,11.50,11.07,11.62,11.04,512.72K,4.36%
08/02/2023,11.37,11.33,11.59,10.69,268.71K,-1.13%
08/03/2023,11.12,11.35,11.40,11.01,145.22K,-2.20%
08/04/2023,11.07,11.20,11.37,10.99,105.74K,-0.45%
08/07/2023,11.02,11.03,11.14,10.93,119.61K,-0.45%
08/08/2023,11.06,11.06,11.21,10.99,85.40K,0.36%
08/09/2023,10.94,11.20,11.24,10.94,61.52K,-1.08%
08/10/2023,11.03,11.05,11.18,11.01,82.09K,0.82%
08/11/2023,10.76,11.03,11.05,10.74,89.80K,-2.45%
08/14/2023,10.82,10.66,10.83,10.62,65.96K,0.56%
08/15/2023,10.40,10.82,10.83,10.33,109.77K,-3.88%
08/16/2023,10.48,10.36,10.55,10.32,68.17K,0.77%
08/17/2023,10.10,10.42,10.42,10.02,132.16K,-3.63%
08/18/2023,10.11,10.01,10.18,9.90,149.94K,0.10%
08/21/2023,10.26,10.06,10.29,10.04,73.66K,1.48%
08/22/2023,10.58,10.42,10.73,10.37,130.63K,3.12%
08/23/2023,10.48,10.58,10.58,10.32,70.40K,-0.95%
08/24/2023,10.25,10.70,10.76,10.25,67.74K,-2.19%
08/25/2023,10.31,10.12,10.42,10.04,46.01K,0.59%
08/28/2023,10.40,10.48,10.50,10.30,44.83K,0.87%
08/29/2023,10.44,10.39,10.45,10.25,94.30K,0.38%
08/30/2023,10.48,10.44,10.48,10.30,48.61K,0.38%
08/31/2023,10.47,10.50,10.51,10.37,92.89K,-0.10%
09/01/2023,10.38,10.50,10.50,10.30,61.14K,-0.86%
09/04/2023,10.27,10.50,10.50,10.27,43.58K,-1.06%
09/05/2023,10.10,10.14,10.23,10.01,64.38K,-1.66%
09/06/2023,10.00,10.09,10.15,9.97,88.66K,-0.99%
09/07/2023,9.71,10.00,10.02,9.69,96.84K,-2.90%
09/08/2023,9.78,9.73,9.90,9.72,88.41K,0.77%
09/11/2023,9.85,9.85,9.95,9.81,65.12K,0.66%
09/12/2023,9.89,9.84,9.98,9.75,73.64K,0.36%
09/13/2023,9.80,9.77,9.81,9.66,87.26K,-0.86%
09/14/2023,9.86,9.80,9.92,9.78,64.55K,0.66%
09/15/2023,9.73,9.98,10.02,9.73,196.18K,-1.42%
09/18/2023,9.61,9.69,9.76,9.56,97.32K,-1.13%
09/19/2023,9.73,9.65,9.87,9.61,67.55K,1.20%
09/20/2023,9.70,9.62,9.81,9.59,102.31K,-0.31%
09/21/2023,9.74,9.65,9.81,9.65,98.45K,0.41%
09/22/2023,9.65,9.67,9.68,9.53,100.40K,-0.92%
09/25/2023,9.56,9.60,9.63,9.45,76.20K,-0.93%
09/26/2023,9.35,9.54,9.55,9.35,67.87K,-2.20%
09/27/2023,9.56,9.35,9.58,9.35,78.20K,2.25%
09/28/2023,9.73,9.60,9.95,9.60,127.49K,1.83%
09/29/2023,9.79,9.76,9.95,9.76,111.40K,0.56%
10/02/2023,9.65,9.77,9.79,9.51,76.79K,-1.38%
10/03/2023,9.40,9.66,9.66,9.40,61.00K,-2.59%
10/04/2023,9.56,9.35,9.59,9.30,53.11K,1.65%
10/05/2023,9.45,9.63,9.65,9.43,46.89K,-1.10%
10/06/2023,9.48,9.45,9.53,9.34,65.36K,0.21%
10/09/2023,9.57,9.48,9.65,9.43,73.23K,1.06%
10/10/2023,9.95,9.70,9.99,9.63,80.87K,3.97%
10/11/2023,10.03,9.99,10.20,9.95,71.27K,0.75%
10/12/2023,10.02,10.10,10.13,9.95,44.38K,-0.10%
10/13/2023,9.64,10.02,10.09,9.62,80.07K,-3.84%
10/16/2023,9.59,9.65,9.65,9.26,81.07K,-0.47%
10/17/2023,9.48,9.60,9.64,9.27,45.37K,-1.09%
10/18/2023,9.26,9.26,9.41,9.19,86.60K,-2.37%
10/19/2023,9.09,9.18,9.33,9.09,78.62K,-1.84%
10/20/2023,9.05,9.03,9.13,8.92,102.37K,-0.44%
10/23/2023,8.92,9.02,9.05,8.66,130.58K,-1.44%
10/24/2023,8.82,8.90,8.94,8.56,128.91K,-1.12%
10/25/2023,8.63,8.82,8.94,8.60,96.94K,-2.21%
10/26/2023,8.89,8.59,9.09,8.55,152.83K,3.07%
10/27/2023,9.02,9.10,9.44,9.02,138.21K,1.52%
10/30/2023,8.55,9.11,9.21,8.44,161.04K,-5.32%
10/31/2023,8.54,8.43,8.68,8.40,158.08K,-0.06%
11/01/2023,8.33,8.61,8.71,8.33,65.36K,-2.46%
11/02/2023,8.58,8.41,8.72,8.41,107.60K,3.00%
11/03/2023,8.77,8.68,8.80,8.47,69.30K,2.21%
11/06/2023,8.97,8.98,9.06,8.83,128.70K,2.28%
11/07/2023,9.10,8.97,9.15,8.83,73.51K,1.51%
11/08/2023,9.14,9.11,9.18,8.98,45.22K,0.33%
11/09/2023,9.25,9.20,9.28,9.09,62.64K,1.26%
11/10/2023,9.05,9.15,9.16,8.77,69.56K,-2.22%
11/13/2023,9.10,9.15,9.15,8.96,49.42K,0.55%
11/14/2023,9.23,9.09,9.28,8.95,73.08K,1.48%
11/15/2023,9.45,9.23,9.50,9.16,85.27K,2.44%
11/16/2023,9.31,9.44,9.48,9.31,54.49K,-1.59%
11/17/2023,9.52,9.40,9.65,9.38,98.37K,2.36%
11/20/2023,9.63,9.56,9.69,9.48,65.45K,1.10%
11/21/2023,9.56,9.74,9.90,9.55,87.66K,-0.78%
11/22/2023,9.70,9.53,9.77,9.43,77.51K,1.52%
11/23/2023,9.65,9.76,9.76,9.54,64.66K,-0.57%
11/24/2023,9.73,9.68,9.90,9.68,61.54K,0.93%
11/27/2023,9.97,9.70,10.10,9.70,133.10K,2.36%
11/28/2023,10.01,9.90,10.02,9.82,87.29K,0.45%
11/29/2023,10.44,10.04,10.44,10.04,106.27K,4.30%
11/30/2023,10.53,10.37,10.57,10.32,134.12K,0.86%
12/01/2023,10.38,10.56,10.68,10.23,103.96K,-1.42%
12/04/2023,9.94,10.45,10.45,9.81,95.97K,-4.29%
12/05/2023,10.10,9.87,10.12,9.84,77.53K,1.66%
12/06/2023,10.10,10.10,10.15,9.98,63.80K,0.00%
12/07/2023,10.00,10.00,10.03,9.76,62.92K,-0.99%
12/08/2023,10.16,10.03,10.27,10.03,116.94K,1.60%
12/11/2023,10.03,10.20,10.22,9.95,84.06K,-1.28%
12/12/2023,9.98,10.10,10.11,9.92,38.48K,-0.55%
12/13/2023,9.77,9.91,10.01,9.73,69.17K,-2.01%
12/14/2023,10.10,9.95,10.19,9.94,60.32K,3.32%
12/15/2023,10.39,10.08,10.43,9.99,124.14K,2.87%
12/18/2023,10.13,10.34,10.34,9.98,125.35K,-2.50%
12/19/2023,10.33,10.27,10.46,10.24,137.09K,1.97%
12/20/2023,10.26,10.35,10.37,10.09,68.65K,-0.68%
12/21/2023,10.29,10.30,10.30,10.08,76.41K,0.29%
12/22/2023,10.34,10.30,10.41,10.24,71.16K,0.49%
12/27/2023,10.39,10.34,10.50,10.30,101.24K,0.48%
12/28/2023,10.37,10.41,10.41,10.27,50.86K,-0.19%
12/29/2023,10.18,10.30,10.37,10.18,47.55K,-1.83%
01/02/2024,10.06,10.21,10.30,9.97,94.76K,-1.18%
01/03/2024,9.66,10.08,10.08,9.56,102.85K,-3.93%
01/04/2024,9.40,9.63,9.74,9.31,150.23K,-2.74%
01/05/2024,9.32,9.35,9.44,9.13,99.74K,-0.85%
01/08/2024,9.51,9.40,9.56,9.31,116.26K,1.98%
01/09/2024,9.35,9.63,9.65,9.24,174.13K,-1.68%
01/10/2024,9.23,9.35,9.40,9.20,52.70K,-1.23%
01/11/2024,9.16,9.35,9.40,9.10,122.31K,-0.70%
01/12/2024,9.34,9.20,9.42,9.19,69.81K,1.91%
01/15/2024,9.23,9.35,9.39,9.22,45.87K,-1.23%
01/16/2024,9.19,9.19,9.22,9.15,50.54K,-0.43%
01/17/2024,8.93,9.10,9.15,8.90,103.72K,-2.83%
01/18/2024,9.19,9.00,9.24,8.98,111.52K,2.91%
01/19/2024,9.22,9.28,9.35,9.18,59.44K,0.33%
01/22/2024,9.34,9.35,9.48,9.26,74.14K,1.30%
01/23/2024,9.34,9.30,9.41,9.18,78.54K,0.00%
01/24/2024,9.37,9.50,9.50,9.31,162.57K,0.37%
01/25/2024,9.27,9.38,9.42,9.21,89.32K,-1.12%
01/26/2024,9.26,9.25,9.30,9.04,125.87K,-0.05%
01/29/2024,9.14,9.24,9.24,9.06,98.85K,-1.35%
01/30/2024,9.06,9.13,9.18,9.01,107.55K,-0.88%
01/31/2024,8.94,9.00,9.05,8.94,111.48K,-1.27%
02/01/2024,8.90,8.90,9.10,8.88,102.96K,-0.39%
02/02/2024,8.92,8.96,9.03,8.90,77.18K,0.17%
02/05/2024,9.22,8.96,9.30,8.94,132.58K,3.36%
02/06/2024,8.89,9.27,9.27,8.82,111.35K,-3.58%
02/07/2024,8.75,8.90,8.99,8.73,168.66K,-1.57%
02/08/2024,8.98,8.81,9.03,8.75,88.27K,2.57%
02/09/2024,7.82,7.97,8.06,7.05,1.57M,-12.92%
02/12/2024,7.86,7.87,7.95,7.74,386.05K,0.64%
02/13/2024,7.49,7.80,7.84,7.41,473.10K,-4.77%
02/14/2024,7.51,7.50,7.55,7.36,230.59K,0.33%
02/15/2024,7.60,7.60,7.74,7.52,293.29K,1.13%
02/16/2024,7.68,7.70,7.81,7.59,228.19K,0.99%
02/19/2024,7.51,7.55,7.63,7.48,122.48K,-2.08%
02/20/2024,7.32,7.46,7.50,7.28,224.08K,-2.66%
02/21/2024,7.43,7.42,7.49,7.35,149.85K,1.57%
02/22/2024,7.45,7.64,7.72,7.43,234.94K,0.20%
02/23/2024,7.24,7.45,7.51,7.22,254.59K,-2.82%
02/26/2024,7.36,7.22,7.38,7.11,175.71K,1.73%
02/27/2024,7.61,7.36,7.61,7.36,180.65K,3.40%
02/28/2024,7.36,7.61,7.62,7.36,192.27K,-3.35%
02/29/2024,7.21,7.34,7.38,7.18,285.86K,-1.97%
03/01/2024,7.49,7.28,7.49,7.22,150.67K,3.88%
03/04/2024,7.39,7.46,7.57,7.37,176.39K,-1.27%
03/05/2024,7.41,7.35,7.56,7.34,159.84K,0.27%
03/06/2024,7.60,7.47,7.73,7.46,264.80K,2.49%
03/07/2024,7.80,7.53,7.80,7.46,200.78K,2.57%
03/08/2024,7.49,7.83,7.85,7.49,152.21K,-3.98%
03/11/2024,7.47,7.46,7.51,7.39,105.36K,-0.13%
03/12/2024,7.53,7.51,7.60,7.37,132.79K,0.80%
03/13/2024,7.41,7.63,7.72,7.41,136.09K,-1.73%
03/14/2024,7.25,7.45,7.45,7.25,177.45K,-2.09%
03/15/2024,6.97,7.24,7.24,6.97,407.11K,-3.86%
03/18/2024,7.11,7.01,7.17,7.01,340.47K,1.94%
03/19/2024,6.96,7.07,7.11,6.91,174.71K,-2.04%
03/20/2024,6.84,6.93,6.97,6.79,254.61K,-1.72%
03/21/2024,7.09,7.00,7.10,6.93,222.98K,3.65%
03/22/2024,7.03,7.05,7.12,6.99,93.41K,-0.85%
03/25/2024,7.09,7.05,7.18,7.04,171.79K,0.92%
03/26/2024,7.09,7.09,7.21,7.07,132.64K,0.00%
03/27/2024,7.14,7.09,7.14,7.04,109.70K,0.63%
03/28/2024,7.01,7.06,7.14,6.86,250.50K,-1.68%
04/02/2024,7.00,7.06,7.13,6.96,271.89K,-0.21%
04/03/2024,6.99,7.00,7.03,6.87,257.65K,-0.14%
04/04/2024,6.93,6.99,7.00,6.87,187.03K,-0.79%
04/05/2024,6.86,6.80,6.89,6.79,196.70K,-1.08%
04/08/2024,6.90,6.89,6.92,6.85,107.52K,0.58%
04/09/2024,7.03,6.89,7.09,6.86,262.99K,1.88%
04/10/2024,7.16,7.14,7.26,7.08,194.25K,1.92%
04/11/2024,7.17,7.16,7.22,7.09,77.99K,0.07%
04/12/2024,7.03,7.22,7.32,7.02,148.91K,-1.95%
04/15/2024,6.93,7.01,7.10,6.91,178.57K,-1.42%
04/16/2024,6.84,6.85,6.88,6.70,290.41K,-1.30%
04/17/2024,6.85,6.80,6.94,6.76,203.88K,0.15%
04/18/2024,6.82,6.87,6.88,6.80,81.54K,-0.44%
04/19/2024,6.53,6.73,6.74,6.53,322.46K,-4.25%
04/22/2024,6.55,6.51,6.66,6.49,242.80K,0.23%
04/23/2024,6.57,6.62,6.71,6.50,222.60K,0.38%
04/24/2024,7.03,6.80,7.16,6.80,554.02K,7.00%
04/25/2024,6.55,6.70,7.01,6.54,410.19K,-6.83%
04/26/2024,6.61,6.63,6.68,6.57,240.08K,0.99%
04/29/2024,6.50,6.66,6.66,6.41,308.55K,-1.74%
04/30/2024,6.53,6.59,6.65,6.53,159.04K,0.46%
05/02/2024,6.26,6.49,6.51,6.26,410.57K,-4.21%
05/03/2024,6.49,6.31,6.51,6.30,260.72K,3.76%
05/06/2024,6.53,6.55,6.57,6.41,136.93K,0.69%
05/07/2024,6.55,6.57,6.66,6.51,251.29K,0.31%
05/08/2024,6.60,6.53,6.63,6.53,112.59K,0.69%
05/09/2024,6.62,6.64,6.66,6.55,69.38K,0.30%
05/10/2024,6.67,6.66,6.73,6.61,134.05K,0.76%
05/13/2024,6.59,6.66,6.68,6.55,112.16K,-1.20%
05/14/2024,6.90,6.60,6.90,6.60,202.08K,4.70%
05/15/2024,7.04,6.91,7.09,6.90,248.53K,2.03%
05/16/2024,6.91,7.09,7.09,6.89,169.21K,-1.92%
05/17/2024,7.01,6.88,7.01,6.81,172.85K,1.52%
05/20/2024,7.03,7.01,7.06,6.95,93.94K,0.21%
05/21/2024,6.94,7.03,7.03,6.87,183.89K,-1.21%
05/22/2024,6.99,6.95,6.99,6.84,152.36K,0.65%
05/23/2024,6.91,7.06,7.24,6.88,205.15K,-1.00%
05/24/2024,6.86,6.85,6.88,6.76,161.37K,-0.87%
05/27/2024,6.87,6.94,6.97,6.80,109.98K,0.22%
05/28/2024,6.78,6.88,6.93,6.77,117.94K,-1.38%
05/29/2024,6.51,6.70,6.71,6.51,288.17K,-3.99%
05/30/2024,6.64,6.55,6.73,6.55,191.02K,2.00%
05/31/2024,6.61,6.61,6.61,6.53,145.96K,-0.45%
06/03/2024,6.52,6.67,6.70,6.51,158.47K,-1.29%
06/04/2024,6.49,6.51,6.56,6.45,125.69K,-0.38%
06/05/2024,6.63,6.53,6.66,6.53,134.18K,2.00%
06/06/2024,6.85,6.78,6.89,6.64,249.19K,3.40%
06/07/2024,6.82,6.85,6.87,6.74,104.10K,-0.36%
06/10/2024,6.75,6.74,6.75,6.60,137.48K,-1.10%
06/11/2024,6.72,6.77,6.93,6.70,208.30K,-0.37%
06/12/2024,6.84,6.72,6.90,6.68,145.69K,1.71%
06/13/2024,6.61,6.85,6.85,6.61,108.62K,-3.29%
06/14/2024,6.38,6.57,6.68,6.34,264.91K,-3.55%
06/17/2024,6.52,6.38,6.57,6.37,146.90K,2.19%
06/18/2024,6.59,6.56,6.74,6.54,107.38K,1.15%
06/19/2024,6.34,6.60,6.60,6.32,152.34K,-3.94%
06/20/2024,6.36,6.34,6.40,6.31,119.29K,0.47%
06/21/2024,6.24,6.33,6.33,6.16,262.78K,-1.89%
06/24/2024,6.23,6.20,6.28,6.16,82.90K,-0.24%
06/25/2024,6.11,6.16,6.19,6.08,150.47K,-1.93%
06/26/2024,5.99,6.14,6.14,5.99,153.77K,-1.88%
06/27/2024,5.93,6.00,6.03,5.92,144.64K,-1.17%
06/28/2024,5.98,5.94,6.06,5.94,113.19K,0.93%
07/01/2024,6.05,6.14,6.25,6.02,87.80K,1.17%
07/02/2024,6.10,6.05,6.10,5.99,73.53K,0.83%
07/03/2024,6.20,6.16,6.25,6.14,90.21K,1.64%
07/04/2024,6.28,6.27,6.30,6.23,60.93K,1.37%
07/05/2024,6.49,6.30,6.66,6.30,207.35K,3.18%
07/08/2024,6.42,6.47,6.50,6.36,127.92K,-1.00%
07/09/2024,6.25,6.41,6.43,6.24,69.63K,-2.65%
07/10/2024,6.41,6.25,6.44,6.25,73.12K,2.64%
07/11/2024,6.45,6.47,6.54,6.39,77.36K,0.47%
07/12/2024,6.57,6.44,6.59,6.39,100.58K,2.02%
07/15/2024,6.51,6.57,6.60,6.43,132.50K,-0.99%
07/16/2024,6.51,6.41,6.51,6.35,107.78K,-0.08%
07/17/2024,6.38,6.40,6.43,6.28,149.10K,-2.00%
07/18/2024,6.30,6.36,6.45,6.25,90.86K,-1.10%
07/19/2024,6.16,6.45,6.45,6.16,139.46K,-2.30%
07/22/2024,6.24,6.18,6.36,6.17,118.56K,1.30%
07/23/2024,6.13,6.25,6.26,6.09,92.46K,-1.84%
07/24/2024,6.02,6.07,6.18,6.02,128.90K,-1.71%
07/25/2024,5.70,5.99,6.03,5.61,371.28K,-5.32%
07/26/2024,5.92,5.58,6.19,5.44,398.97K,3.86%
07/29/2024,5.51,5.87,5.87,5.43,385.88K,-7.01%
07/30/2024,5.51,5.56,5.70,5.51,222.23K,0.00%
07/31/2024,5.92,5.70,6.10,5.62,374.26K,7.54%
08/01/2024,5.66,6.00,6.06,5.64,199.44K,-4.39%
08/02/2024,5.45,5.59,5.61,5.40,250.20K,-3.80%
08/05/2024,5.37,5.27,5.45,5.11,323.36K,-1.38%
08/06/2024,5.32,5.43,5.47,5.24,144.00K,-1.02%
08/07/2024,5.43,5.35,5.47,5.30,149.56K,2.26%
08/08/2024,5.28,5.43,5.43,5.19,128.12K,-2.85%
08/09/2024,5.37,5.31,5.53,5.29,108.31K,1.70%
08/12/2024,5.47,5.42,5.47,5.34,132.26K,1.96%
08/13/2024,5.39,5.51,5.51,5.32,115.84K,-1.64%
08/14/2024,5.34,5.43,5.47,5.30,82.27K,-0.74%
08/15/2024,5.53,5.37,5.57,5.36,93.98K,3.46%
08/16/2024,5.51,5.58,5.58,5.47,76.58K,-0.45%
08/19/2024,5.53,5.47,5.53,5.38,103.29K,0.36%
08/20/2024,5.41,5.57,5.61,5.41,57.17K,-1.99%
08/21/2024,5.53,5.42,5.55,5.39,73.04K,2.12%
08/22/2024,5.51,5.57,5.63,5.51,74.09K,-0.27%
08/23/2024,5.55,5.51,5.59,5.47,59.58K,0.54%
08/26/2024,5.57,5.59,5.59,5.53,33.87K,0.45%
08/27/2024,5.52,5.55,5.61,5.47,78.80K,-0.90%
08/28/2024,5.41,5.54,5.56,5.41,56.97K,-1.99%
08/29/2024,5.49,5.40,5.50,5.36,90.15K,1.48%
08/30/2024,5.45,5.51,5.53,5.45,119.03K,-0.64%
09/02/2024,5.39,5.41,5.43,5.26,115.36K,-1.19%
09/03/2024,5.20,5.37,5.38,5.15,147.51K,-3.43%
09/04/2024,5.18,5.15,5.22,5.10,118.05K,-0.58%
09/05/2024,5.07,5.15,5.19,5.04,190.26K,-1.93%
09/06/2024,5.01,5.10,5.13,5.01,126.90K,-1.38%
09/09/2024,4.91,5.03,5.07,4.87,206.42K,-1.86%
09/10/2024,4.80,4.91,4.98,4.80,215.67K,-2.28%
09/11/2024,4.80,4.85,4.94,4.79,155.49K,0.00%
09/12/2024,4.92,4.88,5.00,4.86,129.65K,2.46%
09/13/2024,5.03,4.95,5.05,4.95,82.74K,2.28%
09/16/2024,4.83,5.00,5.00,4.76,,-3.98%
09/17/2024,4.93,4.83,4.98,4.82,89.10K,2.07%
09/18/2024,4.90,4.90,4.92,4.86,78.44K,-0.53%
09/19/2024,5.01,5.01,5.07,4.97,226.75K,2.16%
09/20/2024,4.69,5.07,5.07,4.69,300.69K,-6.31%
09/23/2024,4.52,4.65,4.65,4.45,408.78K,-3.71%
09/24/2024,4.61,4.60,4.71,4.57,365.99K,2.04%
09/25/2024,4.61,4.59,4.71,4.51,270.55K,-0.13%
09/26/2024,5.07,4.76,5.22,4.75,668.20K,9.97%
09/27/2024,5.32,5.20,5.41,5.16,385.13K,4.94%
09/30/2024,5.07,5.30,5.35,5.07,318.95K,-4.61%
10/01/2024,5.07,5.15,5.21,5.05,153.82K,-0.10%
10/02/2024,5.20,5.08,5.24,5.07,204.34K,2.57%
10/03/2024,5.14,5.22,5.22,5.07,122.20K,-0.96%
10/04/2024,5.22,5.14,5.30,5.14,116.12K,1.55%
10/07/2024,5.26,5.34,5.34,5.12,122.58K,0.77%
10/08/2024,5.18,5.16,5.23,5.13,84.06K,-1.52%
10/09/2024,5.27,5.18,5.28,5.14,105.24K,1.64%
10/10/2024,5.32,5.26,5.38,5.16,204.91K,1.04%
10/11/2024,5.31,5.33,5.39,5.26,311.34K,-0.28%
10/14/2024,5.36,5.37,5.43,5.28,176.97K,0.94%
10/15/2024,5.09,5.36,5.40,5.09,193.62K,-4.94%
10/16/2024,5.12,5.00,5.18,4.99,209.33K,0.49%
10/17/2024,5.08,5.12,5.18,5.03,209.15K,-0.78%
10/18/2024,5.16,5.09,5.27,5.09,99.41K,1.67%
10/21/2024,5.18,5.14,5.26,5.12,96.87K,0.39%
10/22/2024,5.20,5.20,5.25,5.16,105.60K,0.19%
10/23/2024,5.20,5.22,5.36,5.16,207.91K,0.19%
10/24/2024,5.16,5.16,5.28,5.16,83.16K,-0.96%
10/25/2024,4.65,4.95,5.00,4.56,1.38M,-9.84%
10/28/2024,4.60,4.75,4.80,4.52,421.58K,-0.99%
10/29/2024,4.38,4.58,4.60,4.37,736.13K,-4.78%
10/30/2024,4.18,4.35,4.35,4.17,715.34K,-4.56%
10/31/2024,4.37,4.17,4.40,4.17,267.34K,4.54%
11/01/2024,4.34,4.37,4.38,4.25,176.29K,-0.69%
11/04/2024,4.15,4.35,4.40,4.15,273.94K,-4.42%
11/05/2024,4.20,4.16,4.21,4.15,243.75K,1.20%
11/06/2024,4.47,4.26,4.51,4.24,418.76K,6.48%
11/07/2024,4.59,4.50,4.61,4.48,205.08K,2.64%
11/08/2024,4.63,4.61,4.65,4.50,117.32K,0.83%
11/11/2024,4.63,4.66,4.69,4.59,100.28K,0.00%
11/12/2024,4.40,4.55,4.63,4.40,178.61K,-5.01%
11/13/2024,4.29,4.35,4.39,4.26,144.42K,-2.50%
11/14/2024,4.40,4.34,4.42,4.26,238.60K,2.71%
11/15/2024,4.39,4.40,4.48,4.32,168.91K,-0.36%
11/18/2024,4.37,4.38,4.44,4.37,167.91K,-0.36%
11/19/2024,4.31,4.35,4.36,4.23,166.82K,-1.46%
11/20/2024,4.27,4.29,4.33,4.22,213.06K,-0.88%
11/21/2024,4.23,4.27,4.30,4.21,99.18K,-0.80%
11/22/2024,4.26,4.25,4.30,4.19,232.10K,0.52%
11/25/2024,4.34,4.30,4.38,4.28,365.54K,1.97%
11/26/2024,4.32,4.28,4.43,4.26,277.48K,-0.41%
11/27/2024,4.24,4.32,4.32,4.23,257.29K,-1.94%
11/28/2024,4.26,4.26,4.36,4.26,81.96K,0.52%
11/29/2024,4.50,4.32,4.50,4.26,323.65K,5.63%
12/02/2024,4.39,4.40,4.44,4.37,231.67K,-2.44%
12/03/2024,4.24,4.39,4.44,4.22,314.62K,-3.33%
12/04/2024,4.59,4.39,4.61,4.35,493.89K,8.06%
12/05/2024,4.88,4.63,4.88,4.63,469.00K,6.32%
12/06/2024,4.99,4.88,5.00,4.83,344.20K,2.38%
12/09/2024,5.09,5.05,5.14,4.96,368.88K,1.86%
12/10/2024,4.99,5.07,5.10,4.98,196.74K,-1.87%
12/11/2024,5.00,5.09,5.14,4.96,294.91K,0.12%
12/12/2024,4.94,5.01,5.05,4.87,260.44K,-1.08%
12/13/2024,4.97,4.95,5.05,4.93,211.34K,0.57%
12/16/2024,4.99,4.99,5.01,4.88,178.92K,0.40%
12/17/2024,4.95,4.97,5.02,4.87,243.47K,-0.88%
12/18/2024,5.00,4.95,5.01,4.85,335.95K,1.09%
12/19/2024,4.79,4.87,4.88,4.75,258.08K,-4.16%
12/20/2024,4.74,4.76,4.76,4.65,260.65K,-1.13%
12/23/2024,4.87,4.74,4.87,4.71,142.34K,2.70%
12/24/2024,4.91,4.90,4.95,4.89,71.93K,0.90%
12/27/2024,5.03,4.97,5.09,4.97,287.67K,2.44%
12/30/2024,4.97,5.01,5.03,4.95,167.93K,-1.19%
12/31/2024,5.03,4.97,5.05,4.93,69.77K,1.11%
01/02/2025,4.96,4.95,5.06,4.92,135.56K,-1.37%
01/03/2025,4.78,4.94,4.94,4.78,161.29K,-3.47%
01/06/2025,5.05,4.87,5.06,4.87,816.55K,5.56%
01/07/2025,5.22,5.09,5.31,5.02,346.85K,3.37%
01/08/2025,4.95,5.20,5.21,4.93,431.99K,-5.10%
01/09/2025,5.12,4.93,5.12,4.89,167.71K,3.35%
01/10/2025,5.07,5.12,5.18,5.04,143.46K,-0.88%
01/13/2025,4.99,5.02,5.03,4.91,202.10K,-1.71%
01/14/2025,4.86,5.04,5.05,4.86,196.22K,-2.57%
01/15/2025,4.98,4.90,4.98,4.83,317.29K,2.47%
01/16/2025,4.94,5.08,5.11,4.84,177.55K,-0.80%
01/17/2025,5.05,4.93,5.07,4.91,148.23K,2.33%
01/20/2025,5.14,5.11,5.16,5.04,100.67K,1.58%
01/21/2025,5.16,5.09,5.18,5.05,138.34K,0.39%
01/22/2025,5.16,5.16,5.22,5.10,136.66K,0.19%
01/23/2025,4.98,5.14,5.14,4.96,156.30K,-3.54%
01/24/2025,5.03,5.03,5.18,5.00,144.05K,1.06%
01/27/2025,4.98,4.96,5.03,4.84,169.93K,-1.05%
01/28/2025,4.94,4.98,5.08,4.93,119.02K,-0.88%
01/29/2025,4.80,5.05,5.07,4.78,229.97K,-2.84%
01/30/2025,4.81,4.81,4.91,4.74,371.61K,0.29%
01/31/2025,4.99,4.82,5.02,4.80,222.91K,3.78%
02/03/2025,4.83,4.78,4.87,4.76,176.98K,-3.24%
02/04/2025,4.93,4.99,5.05,4.84,145.23K,1.95%
02/05/2025,4.60,4.80,4.96,4.57,424.02K,-6.70%
02/06/2025,4.63,4.64,4.85,4.53,276.86K,0.70%
02/07/2025,4.50,4.41,4.70,4.32,751.71K,-2.68%
